<izpack:installation version="5.0"
	xmlns:izpack="http://izpack.org/schema/installation"
	xmlns:xsi="http://www.w3.org/2001/XMLSchema-instance"
	xsi:schemaLocation="http://izpack.org/schema/installation http://izpack.org/schema/5.0/izpack-installation-5.0.xsd">


	<!-- The info section. The meaning of the tags should be natural ... -->
	<info>
		<appname>BORG Calendar</appname>
		<appversion>1.9</appversion>
		<appsubpath>BORGCalendar</appsubpath>

		<authors>
			<author name="Michael Berger" email="mike@mbcsoft.com" />

		</authors>
		<javaversion>1.7</javaversion>
		<url>http://mikeberger.github.io/borg_calendar/</url>
	</info>

	<conditions>
		<condition type="exists" id="jre_exists">
			<file>..\jre</file>
		</condition>
	</conditions>

	<!-- The gui preferences indication. Sets the installer window to 640x480. 
		It will not be able to change the size. -->
	<guiprefs width="640" height="480" resizable="yes">
		<modifier key="useHeadingPanel" value="yes" />
		<modifier key="labelGap" value="2" />
		<modifier key="layoutAnchor" value="NORTHWEST" />
		<modifier key="headingLineCount" value="1" />
		<modifier key="headingFontSize" value="1.5" />
		<modifier key="headingBackgroundColor" value="0x00ffffff" />
		<modifier key="headingPanelCounter" value="text" />
		<modifier key="headingPanelCounterPos" value="inHeading" />
	</guiprefs>

	<!-- The locale section. Asks here to include the English and French langpacks. -->
	<locale>
		<langpack iso3="eng" />
		<langpack iso3="fra" />
		<langpack iso3="spa" />
		<langpack iso3="deu" />
		<langpack iso3="ita" />
		<langpack iso3="nld" />
		<langpack iso3="pol" />
		<langpack iso3="prt" />
		<langpack iso3="rus" />
		<langpack iso3="chn" />
		<langpack iso3="ukr" />
	</locale>

	<!-- The resources section. The ids must be these ones if you want to use 
		the LicencePanel and/or the InfoPanel. -->
	<resources>
		<res id="LicencePanel.licence" src="COPYING" />
		<res id="InfoPanel.info" src="RELEASE_NOTES.txt" />
		<res src="ShortcutSpec.xml" id="shortcutSpec.xml" />
		<res src="Unix_ShortcutSpec.xml" id="Unix_shortcutSpec.xml" />
		<res id="installer.langsel.img" src="borg.jpg" />

	</resources>

	<natives>
		<native type="izpack" name="ShellLink.dll" />
		<native type="izpack" name="ShellLink_x64.dll" />
	</natives>
	<!-- The panels section. We indicate here which panels we want to use. The 
		order will be respected. -->
	<panels>
		<panel classname="HelloPanel" />
		<panel classname="InfoPanel" />
		<panel classname="LicencePanel" />
		<panel classname="TargetPanel" />
		<panel classname="PacksPanel" />
		<panel classname="InstallPanel" />
		<panel classname="ShortcutPanel" />
		<panel classname="SimpleFinishPanel" />
	</panels>

	<!-- <panel classname="PacksPanel"/> The packs section. We specify here 
		our packs. -->
	<packs>
		<pack id="base" name="Base" required="yes">
			<description>The base program and help files</description>
			<file src="RELEASE_NOTES.txt" targetdir="$INSTALL_PATH" />
			<file src="borglicense.txt" targetdir="$INSTALL_PATH" />
			<file src="COPYING" targetdir="$INSTALL_PATH" />
			<file src="borg.jar" targetdir="$INSTALL_PATH" />
			<file src="borg.exe" targetdir="$INSTALL_PATH" />
			<fileset dir="lib" targetdir="$INSTALL_PATH/lib" />
			<fileset dir="licenses" targetdir="$INSTALL_PATH/licenses" />
			<file src="run_borg.sh" targetdir="$INSTALL_PATH" />
			<parsable targetfile="$INSTALL_PATH/run_borg.sh"
				type="shell" />
			<executable targetfile="$INSTALL_PATH/run_borg.sh"
				stage="never" />
			<updatecheck>
				<include name="lib/**" />
				<exclude name="lib/ext" />
			</updatecheck>

		</pack>
		<pack id="jre" name="JRE" required="no" loose="true" >
			<description>Included Java Runtime</description>
			<fileset dir="../jre" targetdir="$INSTALL_PATH/jre" />
			<executable targetfile="$INSTALL_PATH/jre/bin/java"
				stage="never" />
			<updatecheck>
				<include name="../jre/**" />
			</updatecheck>

		</pack>

	</packs>

</izpack:installation>

